dataset_size,algorithm,build_time_sec,latency_median_ms,latency_mean_ms,latency_p95_ms,latency_p99_ms,latency_min_ms,latency_max_ms,candidates_median,candidates_mean,candidates_min,candidates_max,recall
1000,BruteForce_Haversine,0.0,0.0655,0.0996,0.3478,0.6788,0.0576,0.7744,1000,1000.0,1000,1000,1.0
1000,ExpandingRing_Codebase,0.0,0.0664,0.0652,0.0724,0.0796,0.0548,0.0814,1000,1000.0,1000,1000,1.0
1000,ExpandingRing_Spatial,0.001519,0.1126,0.1109,0.1488,0.4964,0.0163,0.8243,71,57.6,2,84,1.0
1000,KDTree_3D,0.000674,0.032,0.0361,0.1007,0.1237,0.0081,0.128,17,17.8,0,33,1.0
1000,RTree_SQLite,0.010998,0.0464,0.0435,0.0649,0.0944,0.004,0.1179,19,21.2,0,40,1.0
4487,BruteForce_Haversine,0.0,0.1914,0.2188,0.346,0.6726,0.1768,0.8373,4487,4487.0,4487,4487,1.0
4487,ExpandingRing_Codebase,0.0,0.2018,0.2489,0.2861,1.2865,0.1877,2.1986,4487,4487.0,4487,4487,1.0
4487,ExpandingRing_Spatial,0.003147,0.3766,0.3843,0.6822,1.488,0.0196,2.0355,290,236.0,3,324,1.0
4487,KDTree_3D,0.002227,0.0524,0.059,0.1375,0.2025,0.0091,0.203,96,80.4,0,108,1.0
4487,RTree_SQLite,0.027303,0.1244,0.1121,0.2061,0.2683,0.0048,0.2855,129,103.0,0,138,1.0
5000,BruteForce_Haversine,0.0,0.4132,0.47,0.6808,0.9598,0.3723,0.973,5000,5000.0,5000,5000,1.0
5000,ExpandingRing_Codebase,0.0,0.3979,0.4717,0.7264,2.6272,0.2426,2.7413,5000,5000.0,5000,5000,1.0
5000,ExpandingRing_Spatial,0.003058,0.4243,0.4008,0.5998,1.1945,0.0194,1.5759,323,266.4,3,357,1.0
5000,KDTree_3D,0.0028,0.0607,0.0824,0.2308,0.4668,0.0107,0.6237,116,92.2,0,123,1.0
5000,RTree_SQLite,0.046936,0.206,0.2136,0.4543,0.7223,0.0113,0.9145,139,110.4,0,145,1.0
10000,BruteForce_Haversine,0.0,0.3948,0.4249,0.5514,0.8807,0.3619,1.0299,10000,10000.0,10000,10000,1.0
10000,ExpandingRing_Codebase,0.0,0.4003,0.4177,0.5774,0.7107,0.3628,0.7726,10000,10000.0,10000,10000,1.0
10000,ExpandingRing_Spatial,0.00676,0.982,0.9073,1.4986,1.7772,0.0278,1.9317,627,513.4,2,673,1.0
10000,KDTree_3D,0.004637,0.1166,0.1503,0.3551,0.7173,0.0349,0.8877,225,188.0,1,249,1.0
10000,RTree_SQLite,0.082753,0.2604,0.2407,0.4041,0.5809,0.0447,0.6713,277,226.4,1,305,1.0
50000,BruteForce_Haversine,0.0,3.2511,3.3086,4.357,4.8592,2.3285,5.0473,50000,50000.0,50000,50000,1.0
50000,ExpandingRing_Codebase,0.0,2.9588,3.1313,4.502,5.4392,2.1378,6.1824,50000,50000.0,50000,50000,1.0
50000,ExpandingRing_Spatial,0.060093,5.4184,4.7157,7.3111,8.5983,0.0851,8.9358,2608,2105.4,28,3007,1.0
50000,KDTree_3D,0.031191,0.3882,0.3735,0.6871,0.8727,0.0439,0.8733,1101,918.8,3,1211,1.0
50000,RTree_SQLite,0.527577,1.6417,1.4371,2.3291,2.6223,0.0557,2.7239,1366,1129.0,3,1472,1.0
100000,BruteForce_Haversine,0.0,6.452,6.5476,7.5437,7.8492,5.4841,7.9903,100000,100000.0,100000,100000,1.0
100000,ExpandingRing_Codebase,0.0,6.2117,6.3346,7.6085,8.0584,5.2255,8.0917,100000,100000.0,100000,100000,1.0
100000,ExpandingRing_Spatial,0.108325,8.903,7.6141,13.0927,16.0114,0.0901,18.3039,5173,4208.4,57,6173,1.0
100000,KDTree_3D,0.082558,0.5496,0.5298,0.9778,1.1021,0.0337,1.195,2167,1796.6,10,2405,1.0
100000,RTree_SQLite,1.160481,2.1286,2.0728,3.706,4.6196,0.0436,5.1505,2664,2205.0,11,2994,1.0
