data_provenance,retained_record_id,duplicate_record_id,retained_name,duplicate_name,distance_meters,name_similarity,phone_matched,match_reasons,merge_action
SYNTHETIC_SIMULATED_NATIONAL_ERAKTKOSH_DATASET_N4487,RAW-BB-00024,RAW-BB-04545,"Mission Hospital #672, Mumbai","Mission Hospital #672, Mumbai, (branch Unit)",31.5,0.737,True,Identical verified phone (+91-82939-04779) within 32m,CONSOLIDATE_GROUPS_AND_MAX_STOCK
SYNTHETIC_SIMULATED_NATIONAL_ERAKTKOSH_DATASET_N4487,RAW-BB-00052,RAW-BB-04613,"Apex Healthcare Centre #803, Mumbai","Apex Healthcare Centre #803, Mumbai (branch Unit)",49.3,0.833,True,Identical verified phone (+91-85086-41543) within 49m,CONSOLIDATE_GROUPS_AND_MAX_STOCK
SYNTHETIC_SIMULATED_NATIONAL_ERAKTKOSH_DATASET_N4487,RAW-BB-00133,RAW-BB-04630,"Government Medical College #872, Mumbai","Government Medical College #872, Mumbai (branch Unit)",64.4,0.848,True,Identical verified phone (+91-87652-79086) within 64m,CONSOLIDATE_GROUPS_AND_MAX_STOCK
SYNTHETIC_SIMULATED_NATIONAL_ERAKTKOSH_DATASET_N4487,RAW-BB-00135,RAW-BB-04644,"Rotary Blood Bank #485, Mumbai","Rotary Blood Bank #485, Mumbai (branch Unit)",9.3,0.741,True,Identical verified phone (+91-70904-55935) within 9m,CONSOLIDATE_GROUPS_AND_MAX_STOCK
SYNTHETIC_SIMULATED_NATIONAL_ERAKTKOSH_DATASET_N4487,RAW-BB-00152,RAW-BB-04546,"Red Cross Blood Centre #548, Mumbai","Red Cross Blood Centre #548, Mumbai (branch Unit)",24.4,0.767,False,High name similarity (0.77) and proximity 24m <= 500m,CONSOLIDATE_GROUPS_AND_MAX_STOCK
SYNTHETIC_SIMULATED_NATIONAL_ERAKTKOSH_DATASET_N4487,RAW-BB-00158,RAW-BB-04488,"District Civil Hospital #992, Mumbai","District Civil Hospital #992, Mumbai (branch Unit)",33.2,0.8,True,Identical verified phone (+91-82273-43796) within 33m,CONSOLIDATE_GROUPS_AND_MAX_STOCK
SYNTHETIC_SIMULATED_NATIONAL_ERAKTKOSH_DATASET_N4487,RAW-BB-00200,RAW-BB-04549,"Apex Healthcare Centre #719, Mumbai","Apex Healthcare Centre #719, Mumbai (branch Unit)",16.6,0.833,True,Identical verified phone (+91-79909-53656) within 17m,CONSOLIDATE_GROUPS_AND_MAX_STOCK
SYNTHETIC_SIMULATED_NATIONAL_ERAKTKOSH_DATASET_N4487,RAW-BB-00288,RAW-BB-04509,"Government Medical College #896, Mumbai","Government Medical College #896, Mumbai (branch Unit)",27.1,0.848,False,High name similarity (0.85) and proximity 27m <= 500m,CONSOLIDATE_GROUPS_AND_MAX_STOCK
SYNTHETIC_SIMULATED_NATIONAL_ERAKTKOSH_DATASET_N4487,RAW-BB-00298,RAW-BB-04530,"Charitable Trust Hospital #855, Mumbai","Charitable Trust Hospital #855, Mumbai (branch Unit)",45.6,0.811,True,Identical verified phone (+91-82877-02154) within 46m,CONSOLIDATE_GROUPS_AND_MAX_STOCK
SYNTHETIC_SIMULATED_NATIONAL_ERAKTKOSH_DATASET_N4487,RAW-BB-00299,RAW-BB-04619,"Mission Hospital #215, Mumbai","Mission Hospital #215, Mumbai (branch Unit)",34.9,0.75,False,High name similarity (0.75) and proximity 35m <= 500m,CONSOLIDATE_GROUPS_AND_MAX_STOCK
SYNTHETIC_SIMULATED_NATIONAL_ERAKTKOSH_DATASET_N4487,RAW-BB-00415,RAW-BB-04607,"District Civil Hospital #615, Mumbai","District Civil Hospital #615, Mumbai, (branch Unit)",5.8,0.789,True,Identical verified phone (+91-85848-77467) within 6m,CONSOLIDATE_GROUPS_AND_MAX_STOCK
SYNTHETIC_SIMULATED_NATIONAL_ERAKTKOSH_DATASET_N4487,RAW-BB-00417,RAW-BB-04611,"District Civil Hospital #277, Mumbai","District Civil Hospital #277, Mumbai (branch Unit)",20.1,0.8,True,Identical verified phone (+91-82498-11035) within 20m,CONSOLIDATE_GROUPS_AND_MAX_STOCK
SYNTHETIC_SIMULATED_NATIONAL_ERAKTKOSH_DATASET_N4487,RAW-BB-00430,RAW-BB-04521,"City Care Hospital #843, Mumbai","City Care Hospital #843, Mumbai (branch Unit)",40.5,0.767,True,Identical verified phone (+91-79812-61024) within 40m,CONSOLIDATE_GROUPS_AND_MAX_STOCK
SYNTHETIC_SIMULATED_NATIONAL_ERAKTKOSH_DATASET_N4487,RAW-BB-00439,RAW-BB-04500,"Charitable Trust Hospital #851, Mumbai","Charitable Trust Hospital #851, Mumbai, (branch Unit)",10.9,0.8,False,High name similarity (0.80) and proximity 11m <= 500m,CONSOLIDATE_GROUPS_AND_MAX_STOCK
SYNTHETIC_SIMULATED_NATIONAL_ERAKTKOSH_DATASET_N4487,RAW-BB-00458,RAW-BB-04501,"Lifeline Blood Bank #611, Mumbai","Lifeline Blood Bank #611, Mumbai (branch Unit)",29.3,0.759,True,Identical verified phone (+91-97270-00605) within 29m,CONSOLIDATE_GROUPS_AND_MAX_STOCK
SYNTHETIC_SIMULATED_NATIONAL_ERAKTKOSH_DATASET_N4487,RAW-BB-00479,RAW-BB-04564,"Universal Blood Centre #935, Mumbai","Universal Blood Centre #935, Mumbai (branch Unit)",26.0,0.767,True,Identical verified phone (+91-73805-98352) within 26m,CONSOLIDATE_GROUPS_AND_MAX_STOCK
SYNTHETIC_SIMULATED_NATIONAL_ERAKTKOSH_DATASET_N4487,RAW-BB-00545,RAW-BB-04597,"Universal Blood Centre #319, Mumbai","Universal Blood Centre #319, Mumbai (branch Unit)",45.9,0.767,False,High name similarity (0.77) and proximity 46m <= 500m,CONSOLIDATE_GROUPS_AND_MAX_STOCK
SYNTHETIC_SIMULATED_NATIONAL_ERAKTKOSH_DATASET_N4487,RAW-BB-00562,RAW-BB-04591,"Government Medical College #335, Mumbai","Government Medical College #335, Mumbai (branch Unit)",2.2,0.848,True,Identical verified phone (+91-83814-57477) within 2m,CONSOLIDATE_GROUPS_AND_MAX_STOCK
SYNTHETIC_SIMULATED_NATIONAL_ERAKTKOSH_DATASET_N4487,RAW-BB-00585,RAW-BB-04557,"Apex Healthcare Centre #386, Mumbai","Apex Healthcare Centre #386, Mumbai (branch Unit)",26.6,0.833,True,Identical verified phone (+91-98232-68346) within 27m,CONSOLIDATE_GROUPS_AND_MAX_STOCK
SYNTHETIC_SIMULATED_NATIONAL_ERAKTKOSH_DATASET_N4487,RAW-BB-00603,RAW-BB-04505,"District Civil Hospital #878, Mumbai","District Civil Hospital #878, Mumbai (branch Unit)",5.1,0.8,False,High name similarity (0.80) and proximity 5m <= 500m,CONSOLIDATE_GROUPS_AND_MAX_STOCK
SYNTHETIC_SIMULATED_NATIONAL_ERAKTKOSH_DATASET_N4487,RAW-BB-00678,RAW-BB-04570,"Rotary Blood Bank #599, New Delhi","Rotary Blood Bank #599, New Delhi (branch Unit)",32.8,0.767,True,Identical verified phone (+91-72299-44473) within 33m,CONSOLIDATE_GROUPS_AND_MAX_STOCK
SYNTHETIC_SIMULATED_NATIONAL_ERAKTKOSH_DATASET_N4487,RAW-BB-00681,RAW-BB-04551,"Red Cross Blood Centre #317, New Delhi","Red Cross Blood Centre #317, New Delhi (branch Unit)",23.7,0.788,True,Identical verified phone (+91-71487-04361) within 24m,CONSOLIDATE_GROUPS_AND_MAX_STOCK
SYNTHETIC_SIMULATED_NATIONAL_ERAKTKOSH_DATASET_N4487,RAW-BB-00694,RAW-BB-04529,"City Care Hospital #701, New Delhi","City Care Hospital #701, New Delhi (branch Unit)",59.0,0.788,True,Identical verified phone (+91-91862-83637) within 59m,CONSOLIDATE_GROUPS_AND_MAX_STOCK
SYNTHETIC_SIMULATED_NATIONAL_ERAKTKOSH_DATASET_N4487,RAW-BB-00719,RAW-BB-04522,"Rotary Blood Bank #857, New Delhi","Rotary Blood Bank #857, New Delhi (branch Unit)",40.2,0.767,True,Identical verified phone (+91-71278-94496) within 40m,CONSOLIDATE_GROUPS_AND_MAX_STOCK
SYNTHETIC_SIMULATED_NATIONAL_ERAKTKOSH_DATASET_N4487,RAW-BB-00732,RAW-BB-04492,"Red Cross Blood Centre #120, New Delhi","Red Cross Blood Centre #120, New Delhi (branch Unit)",32.7,0.788,False,High name similarity (0.79) and proximity 33m <= 500m,CONSOLIDATE_GROUPS_AND_MAX_STOCK
SYNTHETIC_SIMULATED_NATIONAL_ERAKTKOSH_DATASET_N4487,RAW-BB-00799,RAW-BB-04498,"Red Cross Blood Centre #257, New Delhi","Red Cross Blood Centre #257, New Delhi, (branch Unit)",34.7,0.776,True,Identical verified phone (+91-89908-55694) within 35m,CONSOLIDATE_GROUPS_AND_MAX_STOCK
SYNTHETIC_SIMULATED_NATIONAL_ERAKTKOSH_DATASET_N4487,RAW-BB-00811,RAW-BB-04526,"Apex Healthcare Centre #517, New Delhi","Apex Healthcare Centre #517, New Delhi (branch Unit)",15.0,0.844,True,Identical verified phone (+91-75669-65867) within 15m,CONSOLIDATE_GROUPS_AND_MAX_STOCK
SYNTHETIC_SIMULATED_NATIONAL_ERAKTKOSH_DATASET_N4487,RAW-BB-00834,RAW-BB-04523,"District Civil Hospital #360, New Delhi","District Civil Hospital #360, New Delhi (branch Unit)",15.8,0.816,True,Identical verified phone (+91-80247-67985) within 16m,CONSOLIDATE_GROUPS_AND_MAX_STOCK
SYNTHETIC_SIMULATED_NATIONAL_ERAKTKOSH_DATASET_N4487,RAW-BB-00863,RAW-BB-04550,"Government Medical College #357, New Delhi","Government Medical College #357, New Delhi (branch Unit)",23.6,0.857,True,Identical verified phone (+91-77287-19935) within 24m,CONSOLIDATE_GROUPS_AND_MAX_STOCK
SYNTHETIC_SIMULATED_NATIONAL_ERAKTKOSH_DATASET_N4487,RAW-BB-00872,RAW-BB-04635,"Mission Hospital #795, New Delhi","Mission Hospital #795, New Delhi (branch Unit)",12.6,0.774,True,Identical verified phone (+91-82780-43524) within 13m,CONSOLIDATE_GROUPS_AND_MAX_STOCK
SYNTHETIC_SIMULATED_NATIONAL_ERAKTKOSH_DATASET_N4487,RAW-BB-00946,RAW-BB-04540,"Apex Healthcare Centre #944, New Delhi","Apex Healthcare Centre #944, New Delhi (branch Unit)",16.6,0.844,False,High name similarity (0.84) and proximity 17m <= 500m,CONSOLIDATE_GROUPS_AND_MAX_STOCK
SYNTHETIC_SIMULATED_NATIONAL_ERAKTKOSH_DATASET_N4487,RAW-BB-01000,RAW-BB-04519,"Mission Hospital #225, New Delhi","Mission Hospital #225, New Delhi (branch Unit)",14.5,0.774,True,Identical verified phone (+91-85890-92780) within 15m,CONSOLIDATE_GROUPS_AND_MAX_STOCK
SYNTHETIC_SIMULATED_NATIONAL_ERAKTKOSH_DATASET_N4487,RAW-BB-01019,RAW-BB-04490,"Lifeline Blood Bank #781, Bengaluru","Lifeline Blood Bank #781, Bengaluru (branch Unit)",3.2,0.781,True,Identical verified phone (+91-79545-35021) within 3m,CONSOLIDATE_GROUPS_AND_MAX_STOCK
SYNTHETIC_SIMULATED_NATIONAL_ERAKTKOSH_DATASET_N4487,RAW-BB-01028,RAW-BB-04512,"District Civil Hospital #359, Bengaluru","District Civil Hospital #359, Bengaluru (branch Unit)",8.7,0.816,True,Identical verified phone (+91-92082-22147) within 9m,CONSOLIDATE_GROUPS_AND_MAX_STOCK
SYNTHETIC_SIMULATED_NATIONAL_ERAKTKOSH_DATASET_N4487,RAW-BB-01039,RAW-BB-04496,"Government Medical College #987, Bengaluru","Government Medical College #987, Bengaluru (branch Unit)",33.3,0.857,True,Identical verified phone (+91-86340-31382) within 33m,CONSOLIDATE_GROUPS_AND_MAX_STOCK
SYNTHETIC_SIMULATED_NATIONAL_ERAKTKOSH_DATASET_N4487,RAW-BB-01045,RAW-BB-04641,"Rotary Blood Bank #407, Bengaluru","Rotary Blood Bank #407, Bengaluru, (branch Unit)",64.5,0.754,True,Identical verified phone (+91-76018-22126) within 64m,CONSOLIDATE_GROUPS_AND_MAX_STOCK
SYNTHETIC_SIMULATED_NATIONAL_ERAKTKOSH_DATASET_N4487,RAW-BB-01074,RAW-BB-04556,"Mission Hospital #377, Bengaluru","Mission Hospital #377, Bengaluru (branch Unit)",34.7,0.774,False,High name similarity (0.77) and proximity 35m <= 500m,CONSOLIDATE_GROUPS_AND_MAX_STOCK
SYNTHETIC_SIMULATED_NATIONAL_ERAKTKOSH_DATASET_N4487,RAW-BB-01116,RAW-BB-04548,"Red Cross Blood Centre #241, Bengaluru","Red Cross Blood Centre #241, Bengaluru (branch Unit)",19.0,0.788,False,High name similarity (0.79) and proximity 19m <= 500m,CONSOLIDATE_GROUPS_AND_MAX_STOCK
SYNTHETIC_SIMULATED_NATIONAL_ERAKTKOSH_DATASET_N4487,RAW-BB-01127,RAW-BB-04524,"District Civil Hospital #473, Bengaluru","District Civil Hospital #473, Bengaluru (branch Unit)",65.5,0.816,True,Identical verified phone (+91-96128-54715) within 66m,CONSOLIDATE_GROUPS_AND_MAX_STOCK
SYNTHETIC_SIMULATED_NATIONAL_ERAKTKOSH_DATASET_N4487,RAW-BB-01208,RAW-BB-04618,"Apex Healthcare Centre #798, Bengaluru","Apex Healthcare Centre #798, Bengaluru (branch Unit)",36.1,0.844,True,Identical verified phone (+91-85870-08081) within 36m,CONSOLIDATE_GROUPS_AND_MAX_STOCK
SYNTHETIC_SIMULATED_NATIONAL_ERAKTKOSH_DATASET_N4487,RAW-BB-01236,RAW-BB-04493,"Lifeline Blood Bank #988, Bengaluru","Lifeline Blood Bank #988, Bengaluru (branch Unit)",18.9,0.781,True,Identical verified phone (+91-99724-70175) within 19m,CONSOLIDATE_GROUPS_AND_MAX_STOCK
SYNTHETIC_SIMULATED_NATIONAL_ERAKTKOSH_DATASET_N4487,RAW-BB-01273,RAW-BB-04517,"Mission Hospital #784, Bengaluru","Mission Hospital #784, Bengaluru (branch Unit)",19.1,0.774,True,Identical verified phone (+91-98016-57544) within 19m,CONSOLIDATE_GROUPS_AND_MAX_STOCK
SYNTHETIC_SIMULATED_NATIONAL_ERAKTKOSH_DATASET_N4487,RAW-BB-01341,RAW-BB-04538,"Government Medical College #928, Bengaluru","Government Medical College #928, Bengaluru (branch Unit)",23.4,0.857,True,Identical verified phone (+91-71473-44053) within 23m,CONSOLIDATE_GROUPS_AND_MAX_STOCK
SYNTHETIC_SIMULATED_NATIONAL_ERAKTKOSH_DATASET_N4487,RAW-BB-01375,RAW-BB-04592,"District Civil Hospital #523, Bengaluru","District Civil Hospital #523, Bengaluru (branch Unit)",20.7,0.816,True,Identical verified phone (+91-82037-42093) within 21m,CONSOLIDATE_GROUPS_AND_MAX_STOCK
SYNTHETIC_SIMULATED_NATIONAL_ERAKTKOSH_DATASET_N4487,RAW-BB-01398,RAW-BB-04495,"Red Cross Blood Centre #580, Bengaluru","Red Cross Blood Centre #580, Bengaluru (branch Unit)",37.3,0.788,False,High name similarity (0.79) and proximity 37m <= 500m,CONSOLIDATE_GROUPS_AND_MAX_STOCK
SYNTHETIC_SIMULATED_NATIONAL_ERAKTKOSH_DATASET_N4487,RAW-BB-01445,RAW-BB-04571,"Government Medical College #851, Bengaluru","Government Medical College #851, Bengaluru (branch Unit)",19.5,0.857,True,Identical verified phone (+91-91648-44207) within 20m,CONSOLIDATE_GROUPS_AND_MAX_STOCK
SYNTHETIC_SIMULATED_NATIONAL_ERAKTKOSH_DATASET_N4487,RAW-BB-01492,RAW-BB-04555,"Universal Blood Centre #777, Chennai","Universal Blood Centre #777, Chennai (branch Unit)",24.9,0.774,True,Identical verified phone (+91-65282-42436) within 25m,CONSOLIDATE_GROUPS_AND_MAX_STOCK
SYNTHETIC_SIMULATED_NATIONAL_ERAKTKOSH_DATASET_N4487,RAW-BB-01505,RAW-BB-04574,"Universal Blood Centre #280, Chennai","Universal Blood Centre #280, Chennai, (branch Unit)",41.6,0.762,False,High name similarity (0.76) and proximity 42m <= 500m,CONSOLIDATE_GROUPS_AND_MAX_STOCK
SYNTHETIC_SIMULATED_NATIONAL_ERAKTKOSH_DATASET_N4487,RAW-BB-01535,RAW-BB-04609,"Charitable Trust Hospital #666, Chennai","Charitable Trust Hospital #666, Chennai (branch Unit)",47.2,0.816,True,Identical verified phone (+91-88220-98290) within 47m,CONSOLIDATE_GROUPS_AND_MAX_STOCK
SYNTHETIC_SIMULATED_NATIONAL_ERAKTKOSH_DATASET_N4487,RAW-BB-01552,RAW-BB-04543,"Apex Healthcare Centre #380, Chennai","Apex Healthcare Centre #380, Chennai (branch Unit)",9.3,0.837,True,Identical verified phone (+91-92247-29418) within 9m,CONSOLIDATE_GROUPS_AND_MAX_STOCK
SYNTHETIC_SIMULATED_NATIONAL_ERAKTKOSH_DATASET_N4487,RAW-BB-01570,RAW-BB-04567,"Mission Hospital #164, Chennai","Mission Hospital #164, Chennai (branch Unit)",10.8,0.759,False,High name similarity (0.76) and proximity 11m <= 500m,CONSOLIDATE_GROUPS_AND_MAX_STOCK
SYNTHETIC_SIMULATED_NATIONAL_ERAKTKOSH_DATASET_N4487,RAW-BB-01599,RAW-BB-04566,"Red Cross Blood Centre #312, Chennai","Red Cross Blood Centre #312, Chennai, (branch Unit)",47.6,0.762,True,Identical verified phone (+91-92172-76604) within 48m,CONSOLIDATE_GROUPS_AND_MAX_STOCK
SYNTHETIC_SIMULATED_NATIONAL_ERAKTKOSH_DATASET_N4487,RAW-BB-01612,RAW-BB-04516,"Universal Blood Centre #971, Chennai","Universal Blood Centre #971, Chennai (branch Unit)",6.1,0.774,True,Identical verified phone (+91-88707-01306) within 6m,CONSOLIDATE_GROUPS_AND_MAX_STOCK
SYNTHETIC_SIMULATED_NATIONAL_ERAKTKOSH_DATASET_N4487,RAW-BB-01615,RAW-BB-04563,"Apex Healthcare Centre #532, Chennai","Apex Healthcare Centre #532, Chennai, (branch Unit)",23.6,0.828,True,Identical verified phone (+91-85598-56312) within 24m,CONSOLIDATE_GROUPS_AND_MAX_STOCK
SYNTHETIC_SIMULATED_NATIONAL_ERAKTKOSH_DATASET_N4487,RAW-BB-01666,RAW-BB-04620,"Charitable Trust Hospital #685, Chennai","Charitable Trust Hospital #685, Chennai (branch Unit)",47.0,0.816,True,Identical verified phone (+91-85606-58915) within 47m,CONSOLIDATE_GROUPS_AND_MAX_STOCK
SYNTHETIC_SIMULATED_NATIONAL_ERAKTKOSH_DATASET_N4487,RAW-BB-01667,RAW-BB-04537,"Lifeline Blood Bank #417, Chennai","Lifeline Blood Bank #417, Chennai (branch Unit)",16.2,0.767,True,Identical verified phone (+91-89492-33749) within 16m,CONSOLIDATE_GROUPS_AND_MAX_STOCK
SYNTHETIC_SIMULATED_NATIONAL_ERAKTKOSH_DATASET_N4487,RAW-BB-01704,RAW-BB-04573,"District Civil Hospital #126, Chennai","District Civil Hospital #126, Chennai (branch Unit)",12.3,0.806,True,Identical verified phone (+91-71145-94906) within 12m,CONSOLIDATE_GROUPS_AND_MAX_STOCK
SYNTHETIC_SIMULATED_NATIONAL_ERAKTKOSH_DATASET_N4487,RAW-BB-01742,RAW-BB-04617,"Red Cross Blood Centre #638, Chennai","Red Cross Blood Centre #638, Chennai (branch Unit)",9.6,0.774,True,Identical verified phone (+91-98975-21611) within 10m,CONSOLIDATE_GROUPS_AND_MAX_STOCK
SYNTHETIC_SIMULATED_NATIONAL_ERAKTKOSH_DATASET_N4487,RAW-BB-01778,RAW-BB-04634,"District Civil Hospital #910, Chennai","District Civil Hospital #910, Chennai (branch Unit)",18.0,0.806,True,Identical verified phone (+91-87938-58927) within 18m,CONSOLIDATE_GROUPS_AND_MAX_STOCK
SYNTHETIC_SIMULATED_NATIONAL_ERAKTKOSH_DATASET_N4487,RAW-BB-01830,RAW-BB-04518,"Red Cross Blood Centre #340, Chennai","Red Cross Blood Centre #340, Chennai (branch Unit)",11.9,0.774,True,Identical verified phone (+91-96675-69807) within 12m,CONSOLIDATE_GROUPS_AND_MAX_STOCK
SYNTHETIC_SIMULATED_NATIONAL_ERAKTKOSH_DATASET_N4487,RAW-BB-01841,RAW-BB-04494,"Charitable Trust Hospital #731, Chennai","Charitable Trust Hospital #731, Chennai (branch Unit)",55.1,0.816,True,Identical verified phone (+91-98247-07945) within 55m,CONSOLIDATE_GROUPS_AND_MAX_STOCK
SYNTHETIC_SIMULATED_NATIONAL_ERAKTKOSH_DATASET_N4487,RAW-BB-01877,RAW-BB-04625,"Apex Healthcare Centre #198, Kolkata","Apex Healthcare Centre #198, Kolkata, (branch Unit)",25.6,0.828,False,High name similarity (0.83) and proximity 26m <= 500m,CONSOLIDATE_GROUPS_AND_MAX_STOCK
SYNTHETIC_SIMULATED_NATIONAL_ERAKTKOSH_DATASET_N4487,RAW-BB-01919,RAW-BB-04631,"City Care Hospital #443, Kolkata","City Care Hospital #443, Kolkata (branch Unit)",43.2,0.774,True,Identical verified phone (+91-98203-50005) within 43m,CONSOLIDATE_GROUPS_AND_MAX_STOCK
SYNTHETIC_SIMULATED_NATIONAL_ERAKTKOSH_DATASET_N4487,RAW-BB-02019,RAW-BB-04629,"Mission Hospital #310, Kolkata","Mission Hospital #310, Kolkata (branch Unit)",8.7,0.759,True,Identical verified phone (+91-73141-72591) within 9m,CONSOLIDATE_GROUPS_AND_MAX_STOCK
SYNTHETIC_SIMULATED_NATIONAL_ERAKTKOSH_DATASET_N4487,RAW-BB-02079,RAW-BB-04595,"City Care Hospital #811, Kolkata","City Care Hospital #811, Kolkata (branch Unit)",33.7,0.774,True,Identical verified phone (+91-90996-57144) within 34m,CONSOLIDATE_GROUPS_AND_MAX_STOCK
SYNTHETIC_SIMULATED_NATIONAL_ERAKTKOSH_DATASET_N4487,RAW-BB-02081,RAW-BB-04624,"Rotary Blood Bank #211, Kolkata","Rotary Blood Bank #211, Kolkata (branch Unit)",19.1,0.75,True,Identical verified phone (+91-82882-86905) within 19m,CONSOLIDATE_GROUPS_AND_MAX_STOCK
SYNTHETIC_SIMULATED_NATIONAL_ERAKTKOSH_DATASET_N4487,RAW-BB-02122,RAW-BB-04578,"Lifeline Blood Bank #438, Kolkata","Lifeline Blood Bank #438, Kolkata (branch Unit)",19.7,0.767,True,Identical verified phone (+91-84260-90608) within 20m,CONSOLIDATE_GROUPS_AND_MAX_STOCK
SYNTHETIC_SIMULATED_NATIONAL_ERAKTKOSH_DATASET_N4487,RAW-BB-02171,RAW-BB-04569,"City Care Hospital #794, Kolkata","City Care Hospital #794, Kolkata (branch Unit)",36.2,0.774,True,Identical verified phone (+91-93516-90503) within 36m,CONSOLIDATE_GROUPS_AND_MAX_STOCK
SYNTHETIC_SIMULATED_NATIONAL_ERAKTKOSH_DATASET_N4487,RAW-BB-02183,RAW-BB-04506,"Red Cross Blood Centre #363, Kolkata","Red Cross Blood Centre #363, Kolkata (branch Unit)",18.1,0.774,True,Identical verified phone (+91-73536-29735) within 18m,CONSOLIDATE_GROUPS_AND_MAX_STOCK
SYNTHETIC_SIMULATED_NATIONAL_ERAKTKOSH_DATASET_N4487,RAW-BB-02186,RAW-BB-04596,"Mission Hospital #488, Kolkata","Mission Hospital #488, Kolkata (branch Unit)",9.6,0.759,True,Identical verified phone (+91-75816-60232) within 10m,CONSOLIDATE_GROUPS_AND_MAX_STOCK
SYNTHETIC_SIMULATED_NATIONAL_ERAKTKOSH_DATASET_N4487,RAW-BB-02190,RAW-BB-04510,"Universal Blood Centre #270, Kolkata","Universal Blood Centre #270, Kolkata (branch Unit)",25.2,0.774,False,High name similarity (0.77) and proximity 25m <= 500m,CONSOLIDATE_GROUPS_AND_MAX_STOCK
SYNTHETIC_SIMULATED_NATIONAL_ERAKTKOSH_DATASET_N4487,RAW-BB-02275,RAW-BB-04603,"District Civil Hospital #194, Lucknow","District Civil Hospital #194, Lucknow (branch Unit)",39.9,0.806,True,Identical verified phone (+91-75966-95135) within 40m,CONSOLIDATE_GROUPS_AND_MAX_STOCK
SYNTHETIC_SIMULATED_NATIONAL_ERAKTKOSH_DATASET_N4487,RAW-BB-02300,RAW-BB-04514,"Mission Hospital #128, Lucknow","Mission Hospital #128, Lucknow (branch Unit)",38.4,0.759,True,Identical verified phone (+91-99059-93286) within 38m,CONSOLIDATE_GROUPS_AND_MAX_STOCK
SYNTHETIC_SIMULATED_NATIONAL_ERAKTKOSH_DATASET_N4487,RAW-BB-02305,RAW-BB-04553,"Mission Hospital #981, Lucknow","Mission Hospital #981, Lucknow (branch Unit)",21.3,0.759,False,High name similarity (0.76) and proximity 21m <= 500m,CONSOLIDATE_GROUPS_AND_MAX_STOCK
SYNTHETIC_SIMULATED_NATIONAL_ERAKTKOSH_DATASET_N4487,RAW-BB-02312,RAW-BB-04585,"Apex Healthcare Centre #502, Lucknow","Apex Healthcare Centre #502, Lucknow (branch Unit)",22.0,0.837,True,Identical verified phone (+91-71616-08364) within 22m,CONSOLIDATE_GROUPS_AND_MAX_STOCK
SYNTHETIC_SIMULATED_NATIONAL_ERAKTKOSH_DATASET_N4487,RAW-BB-02321,RAW-BB-04615,"City Care Hospital #622, Lucknow","City Care Hospital #622, Lucknow (branch Unit)",8.7,0.774,True,Identical verified phone (+91-78396-15756) within 9m,CONSOLIDATE_GROUPS_AND_MAX_STOCK
SYNTHETIC_SIMULATED_NATIONAL_ERAKTKOSH_DATASET_N4487,RAW-BB-02343,RAW-BB-04582,"Charitable Trust Hospital #219, Lucknow","Charitable Trust Hospital #219, Lucknow (branch Unit)",22.2,0.816,True,Identical verified phone (+91-74468-71153) within 22m,CONSOLIDATE_GROUPS_AND_MAX_STOCK
SYNTHETIC_SIMULATED_NATIONAL_ERAKTKOSH_DATASET_N4487,RAW-BB-02390,RAW-BB-04539,"Lifeline Blood Bank #837, Lucknow","Lifeline Blood Bank #837, Lucknow (branch Unit)",34.0,0.767,False,High name similarity (0.77) and proximity 34m <= 500m,CONSOLIDATE_GROUPS_AND_MAX_STOCK
SYNTHETIC_SIMULATED_NATIONAL_ERAKTKOSH_DATASET_N4487,RAW-BB-02400,RAW-BB-04637,"Charitable Trust Hospital #928, Lucknow","Charitable Trust Hospital #928, Lucknow (branch Unit)",23.1,0.816,True,Identical verified phone (+91-77239-81980) within 23m,CONSOLIDATE_GROUPS_AND_MAX_STOCK
SYNTHETIC_SIMULATED_NATIONAL_ERAKTKOSH_DATASET_N4487,RAW-BB-02414,RAW-BB-04527,"Government Medical College #749, Lucknow","Government Medical College #749, Lucknow, (branch Unit)",25.0,0.842,True,Identical verified phone (+91-75632-46108) within 25m,CONSOLIDATE_GROUPS_AND_MAX_STOCK
SYNTHETIC_SIMULATED_NATIONAL_ERAKTKOSH_DATASET_N4487,RAW-BB-02417,RAW-BB-04513,"Apex Healthcare Centre #351, Lucknow","Apex Healthcare Centre #351, Lucknow (branch Unit)",12.2,0.837,True,Identical verified phone (+91-77272-23782) within 12m,CONSOLIDATE_GROUPS_AND_MAX_STOCK
SYNTHETIC_SIMULATED_NATIONAL_ERAKTKOSH_DATASET_N4487,RAW-BB-02461,RAW-BB-04643,"Charitable Trust Hospital #583, Lucknow","Charitable Trust Hospital #583, Lucknow, (branch Unit)",22.7,0.805,True,Identical verified phone (+91-76676-25214) within 23m,CONSOLIDATE_GROUPS_AND_MAX_STOCK
SYNTHETIC_SIMULATED_NATIONAL_ERAKTKOSH_DATASET_N4487,RAW-BB-02510,RAW-BB-04642,"Government Medical College #296, Lucknow","Government Medical College #296, Lucknow (branch Unit)",14.7,0.851,True,Identical verified phone (+91-79283-99274) within 15m,CONSOLIDATE_GROUPS_AND_MAX_STOCK
SYNTHETIC_SIMULATED_NATIONAL_ERAKTKOSH_DATASET_N4487,RAW-BB-02513,RAW-BB-04610,"Lifeline Blood Bank #215, Lucknow","Lifeline Blood Bank #215, Lucknow (branch Unit)",16.9,0.767,True,Identical verified phone (+91-63211-08128) within 17m,CONSOLIDATE_GROUPS_AND_MAX_STOCK
SYNTHETIC_SIMULATED_NATIONAL_ERAKTKOSH_DATASET_N4487,RAW-BB-02567,RAW-BB-04621,"Universal Blood Centre #768, Lucknow","Universal Blood Centre #768, Lucknow (branch Unit)",23.4,0.774,True,Identical verified phone (+91-76045-91278) within 23m,CONSOLIDATE_GROUPS_AND_MAX_STOCK
SYNTHETIC_SIMULATED_NATIONAL_ERAKTKOSH_DATASET_N4487,RAW-BB-02573,RAW-BB-04536,"Government Medical College #225, Lucknow","Government Medical College #225, Lucknow (branch Unit)",32.7,0.851,False,High name similarity (0.85) and proximity 33m <= 500m,CONSOLIDATE_GROUPS_AND_MAX_STOCK
SYNTHETIC_SIMULATED_NATIONAL_ERAKTKOSH_DATASET_N4487,RAW-BB-02584,RAW-BB-04590,"Government Medical College #661, Lucknow","Government Medical College #661, Lucknow (branch Unit)",33.3,0.851,False,High name similarity (0.85) and proximity 33m <= 500m,CONSOLIDATE_GROUPS_AND_MAX_STOCK
SYNTHETIC_SIMULATED_NATIONAL_ERAKTKOSH_DATASET_N4487,RAW-BB-02620,RAW-BB-04599,"City Care Hospital #578, Lucknow","City Care Hospital #578, Lucknow (branch Unit)",12.8,0.774,False,High name similarity (0.77) and proximity 13m <= 500m,CONSOLIDATE_GROUPS_AND_MAX_STOCK
SYNTHETIC_SIMULATED_NATIONAL_ERAKTKOSH_DATASET_N4487,RAW-BB-02666,RAW-BB-04533,"Government Medical College #143, Lucknow","Government Medical College #143, Lucknow (branch Unit)",39.3,0.851,True,Identical verified phone (+91-82335-86113) within 39m,CONSOLIDATE_GROUPS_AND_MAX_STOCK
SYNTHETIC_SIMULATED_NATIONAL_ERAKTKOSH_DATASET_N4487,RAW-BB-02703,RAW-BB-04593,"Lifeline Blood Bank #782, Lucknow","Lifeline Blood Bank #782, Lucknow (branch Unit)",21.3,0.767,True,Identical verified phone (+91-71342-66138) within 21m,CONSOLIDATE_GROUPS_AND_MAX_STOCK
SYNTHETIC_SIMULATED_NATIONAL_ERAKTKOSH_DATASET_N4487,RAW-BB-02752,RAW-BB-04558,"City Care Hospital #871, Lucknow","City Care Hospital #871, Lucknow (branch Unit)",63.8,0.774,False,High name similarity (0.77) and proximity 64m <= 500m,CONSOLIDATE_GROUPS_AND_MAX_STOCK
SYNTHETIC_SIMULATED_NATIONAL_ERAKTKOSH_DATASET_N4487,RAW-BB-02755,RAW-BB-04581,"District Civil Hospital #170, Lucknow","District Civil Hospital #170, Lucknow, (branch Unit)",3.6,0.795,False,High name similarity (0.79) and proximity 4m <= 500m,CONSOLIDATE_GROUPS_AND_MAX_STOCK
SYNTHETIC_SIMULATED_NATIONAL_ERAKTKOSH_DATASET_N4487,RAW-BB-02768,RAW-BB-04547,"City Care Hospital #517, Lucknow","City Care Hospital #517, Lucknow (branch Unit)",19.3,0.774,False,High name similarity (0.77) and proximity 19m <= 500m,CONSOLIDATE_GROUPS_AND_MAX_STOCK
SYNTHETIC_SIMULATED_NATIONAL_ERAKTKOSH_DATASET_N4487,RAW-BB-02797,RAW-BB-04565,"Charitable Trust Hospital #653, Lucknow","Charitable Trust Hospital #653, Lucknow (branch Unit)",36.4,0.816,True,Identical verified phone (+91-65245-36622) within 36m,CONSOLIDATE_GROUPS_AND_MAX_STOCK
SYNTHETIC_SIMULATED_NATIONAL_ERAKTKOSH_DATASET_N4487,RAW-BB-02830,RAW-BB-04561,"Apex Healthcare Centre #348, Lucknow","Apex Healthcare Centre #348, Lucknow (branch Unit)",8.3,0.837,False,High name similarity (0.84) and proximity 8m <= 500m,CONSOLIDATE_GROUPS_AND_MAX_STOCK
SYNTHETIC_SIMULATED_NATIONAL_ERAKTKOSH_DATASET_N4487,RAW-BB-02885,RAW-BB-04560,"Government Medical College #864, Ahmedabad","Government Medical College #864, Ahmedabad (branch Unit)",29.9,0.857,True,Identical verified phone (+91-76613-76257) within 30m,CONSOLIDATE_GROUPS_AND_MAX_STOCK
SYNTHETIC_SIMULATED_NATIONAL_ERAKTKOSH_DATASET_N4487,RAW-BB-02910,RAW-BB-04554,"Apex Healthcare Centre #888, Ahmedabad","Apex Healthcare Centre #888, Ahmedabad (branch Unit)",10.7,0.844,False,High name similarity (0.84) and proximity 11m <= 500m,CONSOLIDATE_GROUPS_AND_MAX_STOCK
SYNTHETIC_SIMULATED_NATIONAL_ERAKTKOSH_DATASET_N4487,RAW-BB-02944,RAW-BB-04552,"City Care Hospital #554, Ahmedabad","City Care Hospital #554, Ahmedabad (branch Unit)",23.9,0.788,True,Identical verified phone (+91-82216-79255) within 24m,CONSOLIDATE_GROUPS_AND_MAX_STOCK
SYNTHETIC_SIMULATED_NATIONAL_ERAKTKOSH_DATASET_N4487,RAW-BB-02993,RAW-BB-04489,"Charitable Trust Hospital #155, Ahmedabad","Charitable Trust Hospital #155, Ahmedabad (branch Unit)",43.3,0.825,True,Identical verified phone (+91-94724-90051) within 43m,CONSOLIDATE_GROUPS_AND_MAX_STOCK
SYNTHETIC_SIMULATED_NATIONAL_ERAKTKOSH_DATASET_N4487,RAW-BB-03076,RAW-BB-04511,"City Care Hospital #305, Ahmedabad","City Care Hospital #305, Ahmedabad (branch Unit)",8.5,0.788,True,Identical verified phone (+91-79222-50186) within 9m,CONSOLIDATE_GROUPS_AND_MAX_STOCK
SYNTHETIC_SIMULATED_NATIONAL_ERAKTKOSH_DATASET_N4487,RAW-BB-03156,RAW-BB-04544,"Apex Healthcare Centre #934, Ahmedabad","Apex Healthcare Centre #934, Ahmedabad, (branch Unit)",9.4,0.835,True,Identical verified phone (+91-88299-70210) within 9m,CONSOLIDATE_GROUPS_AND_MAX_STOCK
SYNTHETIC_SIMULATED_NATIONAL_ERAKTKOSH_DATASET_N4487,RAW-BB-03159,RAW-BB-04626,"Apex Healthcare Centre #597, Ahmedabad","Apex Healthcare Centre #597, Ahmedabad (branch Unit)",21.5,0.844,True,Identical verified phone (+91-95759-63277) within 21m,CONSOLIDATE_GROUPS_AND_MAX_STOCK
SYNTHETIC_SIMULATED_NATIONAL_ERAKTKOSH_DATASET_N4487,RAW-BB-03239,RAW-BB-04587,"Rotary Blood Bank #419, Hyderabad","Rotary Blood Bank #419, Hyderabad (branch Unit)",21.9,0.767,True,Identical verified phone (+91-80290-63729) within 22m,CONSOLIDATE_GROUPS_AND_MAX_STOCK
SYNTHETIC_SIMULATED_NATIONAL_ERAKTKOSH_DATASET_N4487,RAW-BB-03278,RAW-BB-04583,"Charitable Trust Hospital #559, Hyderabad","Charitable Trust Hospital #559, Hyderabad (branch Unit)",46.1,0.825,True,Identical verified phone (+91-89402-20833) within 46m,CONSOLIDATE_GROUPS_AND_MAX_STOCK
SYNTHETIC_SIMULATED_NATIONAL_ERAKTKOSH_DATASET_N4487,RAW-BB-03327,RAW-BB-04572,"Universal Blood Centre #566, Hyderabad","Universal Blood Centre #566, Hyderabad (branch Unit)",16.8,0.788,True,Identical verified phone (+91-79934-66798) within 17m,CONSOLIDATE_GROUPS_AND_MAX_STOCK
SYNTHETIC_SIMULATED_NATIONAL_ERAKTKOSH_DATASET_N4487,RAW-BB-03345,RAW-BB-04515,"Rotary Blood Bank #789, Hyderabad","Rotary Blood Bank #789, Hyderabad (branch Unit)",42.1,0.767,True,Identical verified phone (+91-73446-34957) within 42m,CONSOLIDATE_GROUPS_AND_MAX_STOCK
SYNTHETIC_SIMULATED_NATIONAL_ERAKTKOSH_DATASET_N4487,RAW-BB-03348,RAW-BB-04632,"Universal Blood Centre #649, Hyderabad","Universal Blood Centre #649, Hyderabad (branch Unit)",38.1,0.788,False,High name similarity (0.79) and proximity 38m <= 500m,CONSOLIDATE_GROUPS_AND_MAX_STOCK
SYNTHETIC_SIMULATED_NATIONAL_ERAKTKOSH_DATASET_N4487,RAW-BB-03389,RAW-BB-04528,"City Care Hospital #751, Hyderabad","City Care Hospital #751, Hyderabad (branch Unit)",20.1,0.788,True,Identical verified phone (+91-99747-25286) within 20m,CONSOLIDATE_GROUPS_AND_MAX_STOCK
SYNTHETIC_SIMULATED_NATIONAL_ERAKTKOSH_DATASET_N4487,RAW-BB-03404,RAW-BB-04575,"Rotary Blood Bank #607, Hyderabad","Rotary Blood Bank #607, Hyderabad (branch Unit)",11.0,0.767,False,High name similarity (0.77) and proximity 11m <= 500m,CONSOLIDATE_GROUPS_AND_MAX_STOCK
SYNTHETIC_SIMULATED_NATIONAL_ERAKTKOSH_DATASET_N4487,RAW-BB-03435,RAW-BB-04605,"Apex Healthcare Centre #800, Hyderabad","Apex Healthcare Centre #800, Hyderabad (branch Unit)",8.7,0.844,True,Identical verified phone (+91-79114-71416) within 9m,CONSOLIDATE_GROUPS_AND_MAX_STOCK
SYNTHETIC_SIMULATED_NATIONAL_ERAKTKOSH_DATASET_N4487,RAW-BB-03443,RAW-BB-04636,"District Civil Hospital #696, Hyderabad","District Civil Hospital #696, Hyderabad (branch Unit)",26.4,0.816,True,Identical verified phone (+91-71442-29554) within 26m,CONSOLIDATE_GROUPS_AND_MAX_STOCK
SYNTHETIC_SIMULATED_NATIONAL_ERAKTKOSH_DATASET_N4487,RAW-BB-03467,RAW-BB-04491,"Red Cross Blood Centre #381, Hyderabad","Red Cross Blood Centre #381, Hyderabad (branch Unit)",13.7,0.788,True,Identical verified phone (+91-79183-51092) within 14m,CONSOLIDATE_GROUPS_AND_MAX_STOCK
SYNTHETIC_SIMULATED_NATIONAL_ERAKTKOSH_DATASET_N4487,RAW-BB-03468,RAW-BB-04600,"Lifeline Blood Bank #904, Hyderabad","Lifeline Blood Bank #904, Hyderabad (branch Unit)",11.3,0.781,True,Identical verified phone (+91-65225-91641) within 11m,CONSOLIDATE_GROUPS_AND_MAX_STOCK
SYNTHETIC_SIMULATED_NATIONAL_ERAKTKOSH_DATASET_N4487,RAW-BB-03533,RAW-BB-04601,"City Care Hospital #829, Vijayawada","City Care Hospital #829, Vijayawada, (branch Unit)",26.6,0.783,True,Identical verified phone (+91-79298-84818) within 27m,CONSOLIDATE_GROUPS_AND_MAX_STOCK
SYNTHETIC_SIMULATED_NATIONAL_ERAKTKOSH_DATASET_N4487,RAW-BB-03554,RAW-BB-04586,"City Care Hospital #492, Vijayawada","City Care Hospital #492, Vijayawada (branch Unit)",45.9,0.794,True,Identical verified phone (+91-92769-61098) within 46m,CONSOLIDATE_GROUPS_AND_MAX_STOCK
SYNTHETIC_SIMULATED_NATIONAL_ERAKTKOSH_DATASET_N4487,RAW-BB-03570,RAW-BB-04499,"Rotary Blood Bank #316, Vijayawada","Rotary Blood Bank #316, Vijayawada (branch Unit)",19.6,0.774,False,High name similarity (0.77) and proximity 20m <= 500m,CONSOLIDATE_GROUPS_AND_MAX_STOCK
SYNTHETIC_SIMULATED_NATIONAL_ERAKTKOSH_DATASET_N4487,RAW-BB-03622,RAW-BB-04562,"Charitable Trust Hospital #303, Vijayawada","Charitable Trust Hospital #303, Vijayawada (branch Unit)",22.3,0.829,True,Identical verified phone (+91-87409-72315) within 22m,CONSOLIDATE_GROUPS_AND_MAX_STOCK
SYNTHETIC_SIMULATED_NATIONAL_ERAKTKOSH_DATASET_N4487,RAW-BB-03662,RAW-BB-04542,"District Civil Hospital #383, Vijayawada","District Civil Hospital #383, Vijayawada (branch Unit)",16.7,0.821,True,Identical verified phone (+91-76549-08970) within 17m,CONSOLIDATE_GROUPS_AND_MAX_STOCK
SYNTHETIC_SIMULATED_NATIONAL_ERAKTKOSH_DATASET_N4487,RAW-BB-03713,RAW-BB-04502,"City Care Hospital #571, Vijayawada","City Care Hospital #571, Vijayawada (branch Unit)",22.6,0.794,True,Identical verified phone (+91-90460-09095) within 23m,CONSOLIDATE_GROUPS_AND_MAX_STOCK
SYNTHETIC_SIMULATED_NATIONAL_ERAKTKOSH_DATASET_N4487,RAW-BB-03732,RAW-BB-04616,"Universal Blood Centre #924, Vijayawada","Universal Blood Centre #924, Vijayawada (branch Unit)",35.6,0.794,True,Identical verified phone (+91-77968-97146) within 36m,CONSOLIDATE_GROUPS_AND_MAX_STOCK
SYNTHETIC_SIMULATED_NATIONAL_ERAKTKOSH_DATASET_N4487,RAW-BB-03755,RAW-BB-04507,"Charitable Trust Hospital #438, Vijayawada","Charitable Trust Hospital #438, Vijayawada (branch Unit)",29.9,0.829,True,Identical verified phone (+91-91882-27054) within 30m,CONSOLIDATE_GROUPS_AND_MAX_STOCK
SYNTHETIC_SIMULATED_NATIONAL_ERAKTKOSH_DATASET_N4487,RAW-BB-03830,RAW-BB-04541,"Lifeline Blood Bank #569, Vijayawada","Lifeline Blood Bank #569, Vijayawada (branch Unit)",28.4,0.788,True,Identical verified phone (+91-92689-69027) within 28m,CONSOLIDATE_GROUPS_AND_MAX_STOCK
SYNTHETIC_SIMULATED_NATIONAL_ERAKTKOSH_DATASET_N4487,RAW-BB-03839,RAW-BB-04525,"Red Cross Blood Centre #258, Jaipur","Red Cross Blood Centre #258, Jaipur (branch Unit)",21.3,0.767,False,High name similarity (0.77) and proximity 21m <= 500m,CONSOLIDATE_GROUPS_AND_MAX_STOCK
SYNTHETIC_SIMULATED_NATIONAL_ERAKTKOSH_DATASET_N4487,RAW-BB-03862,RAW-BB-04612,"Apex Healthcare Centre #432, Jaipur","Apex Healthcare Centre #432, Jaipur (branch Unit)",27.6,0.833,False,High name similarity (0.83) and proximity 28m <= 500m,CONSOLIDATE_GROUPS_AND_MAX_STOCK
SYNTHETIC_SIMULATED_NATIONAL_ERAKTKOSH_DATASET_N4487,RAW-BB-03892,RAW-BB-04588,"Apex Healthcare Centre #509, Jaipur","Apex Healthcare Centre #509, Jaipur (branch Unit)",16.8,0.833,True,Identical verified phone (+91-92998-27298) within 17m,CONSOLIDATE_GROUPS_AND_MAX_STOCK
SYNTHETIC_SIMULATED_NATIONAL_ERAKTKOSH_DATASET_N4487,RAW-BB-03893,RAW-BB-04598,"Red Cross Blood Centre #959, Jaipur","Red Cross Blood Centre #959, Jaipur (branch Unit)",56.4,0.767,True,Identical verified phone (+91-99105-13995) within 56m,CONSOLIDATE_GROUPS_AND_MAX_STOCK
SYNTHETIC_SIMULATED_NATIONAL_ERAKTKOSH_DATASET_N4487,RAW-BB-04011,RAW-BB-04576,"Rotary Blood Bank #984, Jaipur","Rotary Blood Bank #984, Jaipur (branch Unit)",38.3,0.741,True,Identical verified phone (+91-78679-61264) within 38m,CONSOLIDATE_GROUPS_AND_MAX_STOCK
SYNTHETIC_SIMULATED_NATIONAL_ERAKTKOSH_DATASET_N4487,RAW-BB-04060,RAW-BB-04577,"Rotary Blood Bank #464, Jaipur","Rotary Blood Bank #464, Jaipur (branch Unit)",25.0,0.741,True,Identical verified phone (+91-71161-55693) within 25m,CONSOLIDATE_GROUPS_AND_MAX_STOCK
SYNTHETIC_SIMULATED_NATIONAL_ERAKTKOSH_DATASET_N4487,RAW-BB-04070,RAW-BB-04604,"Universal Blood Centre #914, Jaipur","Universal Blood Centre #914, Jaipur (branch Unit)",8.0,0.767,True,Identical verified phone (+91-92026-12100) within 8m,CONSOLIDATE_GROUPS_AND_MAX_STOCK
SYNTHETIC_SIMULATED_NATIONAL_ERAKTKOSH_DATASET_N4487,RAW-BB-04101,RAW-BB-04589,"District Civil Hospital #870, Jaipur","District Civil Hospital #870, Jaipur (branch Unit)",14.1,0.8,True,Identical verified phone (+91-86311-83388) within 14m,CONSOLIDATE_GROUPS_AND_MAX_STOCK
SYNTHETIC_SIMULATED_NATIONAL_ERAKTKOSH_DATASET_N4487,RAW-BB-04115,RAW-BB-04614,"Charitable Trust Hospital #620, Jaipur","Charitable Trust Hospital #620, Jaipur (branch Unit)",14.8,0.811,True,Identical verified phone (+91-84355-29567) within 15m,CONSOLIDATE_GROUPS_AND_MAX_STOCK
SYNTHETIC_SIMULATED_NATIONAL_ERAKTKOSH_DATASET_N4487,RAW-BB-04154,RAW-BB-04627,"Lifeline Blood Bank #556, Jaipur","Lifeline Blood Bank #556, Jaipur, (branch Unit)",22.0,0.746,True,Identical verified phone (+91-77307-72196) within 22m,CONSOLIDATE_GROUPS_AND_MAX_STOCK
SYNTHETIC_SIMULATED_NATIONAL_ERAKTKOSH_DATASET_N4487,RAW-BB-04184,RAW-BB-04568,"Apex Healthcare Centre #442, Patna","Apex Healthcare Centre #442, Patna (branch Unit)",37.5,0.829,True,Identical verified phone (+91-70188-31652) within 37m,CONSOLIDATE_GROUPS_AND_MAX_STOCK
SYNTHETIC_SIMULATED_NATIONAL_ERAKTKOSH_DATASET_N4487,RAW-BB-04260,RAW-BB-04606,"Red Cross Blood Centre #675, Patna","Red Cross Blood Centre #675, Patna (branch Unit)",41.3,0.759,True,Identical verified phone (+91-99605-48262) within 41m,CONSOLIDATE_GROUPS_AND_MAX_STOCK
