profile,weights,candidate_id,candidate_name,blood_group,distance_km,rank,final_score_100,s_compat,s_dist,s_eta,s_rel,s_fresh,s_stock
BALANCED,"{""W_compatibility"": 0.35, ""W_distance"": 0.2, ""W_eta"": 0.2, ""W_reliability"": 0.15, ""W_freshness"": 0.1}",BB-02-SUB-CLOSE,Hinduja Hospital Blood Bank (Mahim),A+,4.58,1,86.51,0.85,0.8855,0.76,0.961,0.9439,1.0
BALANCED,"{""W_compatibility"": 0.35, ""W_distance"": 0.2, ""W_eta"": 0.2, ""W_reliability"": 0.15, ""W_freshness"": 0.1}",BB-02-SUB-O-CLOSE,Sion Municipal Hospital Blood Bank,O+,5.46,2,83.24,0.8,0.8634999999999999,0.7391,0.952,0.8909,1.0
BALANCED,"{""W_compatibility"": 0.35, ""W_distance"": 0.2, ""W_eta"": 0.2, ""W_reliability"": 0.15, ""W_freshness"": 0.1}",BB-02-EXACT-FAR,Kokilaben Dhirubhai Ambani Blood Bank (Andheri),AB+,15.42,3,80.86,1.0,0.6145,0.5017,0.958,0.917,1.0
CRITICAL_EMERGENCY,"{""W_compatibility"": 0.25, ""W_distance"": 0.15, ""W_eta"": 0.4, ""W_reliability"": 0.05, ""W_freshness"": 0.15}",BB-02-SUB-CLOSE,Hinduja Hospital Blood Bank (Mahim),A+,4.58,1,83.9,0.85,0.8855,0.76,0.961,0.9439,1.0
CRITICAL_EMERGENCY,"{""W_compatibility"": 0.25, ""W_distance"": 0.15, ""W_eta"": 0.4, ""W_reliability"": 0.05, ""W_freshness"": 0.15}",BB-02-SUB-O-CLOSE,Sion Municipal Hospital Blood Bank,O+,5.46,2,80.64,0.8,0.8634999999999999,0.7391,0.952,0.8909,1.0
CRITICAL_EMERGENCY,"{""W_compatibility"": 0.25, ""W_distance"": 0.15, ""W_eta"": 0.4, ""W_reliability"": 0.05, ""W_freshness"": 0.15}",BB-02-EXACT-FAR,Kokilaben Dhirubhai Ambani Blood Bank (Andheri),AB+,15.42,3,72.83,1.0,0.6145,0.5017,0.958,0.917,1.0
QUALITY_FIRST,"{""W_compatibility"": 0.45, ""W_distance"": 0.15, ""W_eta"": 0.15, ""W_reliability"": 0.15, ""W_freshness"": 0.1}",BB-02-SUB-CLOSE,Hinduja Hospital Blood Bank (Mahim),A+,4.58,1,86.79,0.85,0.8855,0.76,0.961,0.9439,1.0
QUALITY_FIRST,"{""W_compatibility"": 0.45, ""W_distance"": 0.15, ""W_eta"": 0.15, ""W_reliability"": 0.15, ""W_freshness"": 0.1}",BB-02-EXACT-FAR,Kokilaben Dhirubhai Ambani Blood Bank (Andheri),AB+,15.42,2,85.28,1.0,0.6145,0.5017,0.958,0.917,1.0
QUALITY_FIRST,"{""W_compatibility"": 0.45, ""W_distance"": 0.15, ""W_eta"": 0.15, ""W_reliability"": 0.15, ""W_freshness"": 0.1}",BB-02-SUB-O-CLOSE,Sion Municipal Hospital Blood Bank,O+,5.46,3,83.23,0.8,0.8634999999999999,0.7391,0.952,0.8909,1.0
RURAL_SPARSE,"{""W_compatibility"": 0.35, ""W_distance"": 0.1, ""W_eta"": 0.2, ""W_reliability"": 0.2, ""W_freshness"": 0.15}",BB-02-SUB-CLOSE,Hinduja Hospital Blood Bank (Mahim),A+,4.58,1,87.18,0.85,0.8855,0.76,0.961,0.9439,1.0
RURAL_SPARSE,"{""W_compatibility"": 0.35, ""W_distance"": 0.1, ""W_eta"": 0.2, ""W_reliability"": 0.2, ""W_freshness"": 0.15}",BB-02-EXACT-FAR,Kokilaben Dhirubhai Ambani Blood Bank (Andheri),AB+,15.42,2,84.09,1.0,0.6145,0.5017,0.958,0.917,1.0
RURAL_SPARSE,"{""W_compatibility"": 0.35, ""W_distance"": 0.1, ""W_eta"": 0.2, ""W_reliability"": 0.2, ""W_freshness"": 0.15}",BB-02-SUB-O-CLOSE,Sion Municipal Hospital Blood Bank,O+,5.46,3,83.82,0.8,0.8634999999999999,0.7391,0.952,0.8909,1.0
DISTANCE_ONLY_BASELINE,"{""W_compatibility"": 0.0, ""W_distance"": 1.0, ""W_eta"": 0.0, ""W_reliability"": 0.0, ""W_freshness"": 0.0}",BB-02-SUB-CLOSE,Hinduja Hospital Blood Bank (Mahim),A+,4.58,1,88.55,0.85,0.8855,0.76,0.961,0.9439,1.0
DISTANCE_ONLY_BASELINE,"{""W_compatibility"": 0.0, ""W_distance"": 1.0, ""W_eta"": 0.0, ""W_reliability"": 0.0, ""W_freshness"": 0.0}",BB-02-SUB-O-CLOSE,Sion Municipal Hospital Blood Bank,O+,5.46,2,86.35,0.8,0.8634999999999999,0.7391,0.952,0.8909,1.0
DISTANCE_ONLY_BASELINE,"{""W_compatibility"": 0.0, ""W_distance"": 1.0, ""W_eta"": 0.0, ""W_reliability"": 0.0, ""W_freshness"": 0.0}",BB-02-EXACT-FAR,Kokilaben Dhirubhai Ambani Blood Bank (Andheri),AB+,15.42,3,61.45,1.0,0.6145,0.5017,0.958,0.917,1.0
